"filename", "language", "HTML", "Go", "JavaScript", "CSS", "XML", "JSON", "comment", "blank", "total"
"c:\Users\wangx\go\src\github.com\pantskun\golearn\CrawlerDemo\configs\errorEtcdClientConfig.json", "JSON", 0, 0, 0, 0, 0, 4, 0, 0, 4
"c:\Users\wangx\go\src\github.com\pantskun\golearn\CrawlerDemo\configs\errorEtcdClientConfig2.json", "JSON", 0, 0, 0, 0, 0, 4, 0, 2, 6
"c:\Users\wangx\go\src\github.com\pantskun\golearn\CrawlerDemo\configs\etcdClientConfig.json", "JSON", 0, 0, 0, 0, 0, 4, 0, 0, 4
"c:\Users\wangx\go\src\github.com\pantskun\golearn\CrawlerDemo\configs\etcdConfig.json", "JSON", 0, 0, 0, 0, 0, 4, 0, 0, 4
"c:\Users\wangx\go\src\github.com\pantskun\golearn\CrawlerDemo\crawler\main.go", "Go", 0, 61, 0, 0, 0, 0, 0, 17, 78
"c:\Users\wangx\go\src\github.com\pantskun\golearn\CrawlerDemo\crawler\main_test.go", "Go", 0, 16, 0, 0, 0, 0, 0, 7, 23
"c:\Users\wangx\go\src\github.com\pantskun\golearn\CrawlerDemo\crawlerutil\htmlfilter.go", "Go", 0, 7, 0, 0, 0, 0, 0, 3, 10
"c:\Users\wangx\go\src\github.com\pantskun\golearn\CrawlerDemo\crawlerutil\htmlfilter_test.go", "Go", 0, 32, 0, 0, 0, 0, 0, 10, 42
"c:\Users\wangx\go\src\github.com\pantskun\golearn\CrawlerDemo\crawlerutil\htmlhandler.go", "Go", 0, 68, 0, 0, 0, 0, 0, 16, 84
"c:\Users\wangx\go\src\github.com\pantskun\golearn\CrawlerDemo\crawlerutil\htmlhandler_test.go", "Go", 0, 78, 0, 0, 0, 0, 3, 31, 112
"c:\Users\wangx\go\src\github.com\pantskun\golearn\CrawlerDemo\crawlerutil\responsehandler.go", "Go", 0, 50, 0, 0, 0, 0, 3, 13, 66
"c:\Users\wangx\go\src\github.com\pantskun\golearn\CrawlerDemo\crawlerutil\responsehandler_test.go", "Go", 0, 73, 0, 0, 0, 0, 3, 31, 107
"c:\Users\wangx\go\src\github.com\pantskun\golearn\CrawlerDemo\crawlerutil\urlfilter.go", "Go", 0, 19, 0, 0, 0, 0, 0, 7, 26
"c:\Users\wangx\go\src\github.com\pantskun\golearn\CrawlerDemo\crawlerutil\urlfilter_test.go", "Go", 0, 35, 0, 0, 0, 0, 0, 6, 41
"c:\Users\wangx\go\src\github.com\pantskun\golearn\CrawlerDemo\crawlerutil\urlhandler.go", "Go", 0, 22, 0, 0, 0, 0, 0, 10, 32
"c:\Users\wangx\go\src\github.com\pantskun\golearn\CrawlerDemo\crawlerutil\urlhandler_test.go", "Go", 0, 46, 0, 0, 0, 0, 2, 9, 57
"c:\Users\wangx\go\src\github.com\pantskun\golearn\CrawlerDemo\download\idc.ssetech.com.cn\EF\iplat-ui-2.0.js", "JavaScript", 0, 0, 22, 0, 0, 0, 5, 14, 41
"c:\Users\wangx\go\src\github.com\pantskun\golearn\CrawlerDemo\download\idc.ssetech.com.cn\SJ\assets\images\logo-login.svg", "XML", 0, 0, 0, 0, 79, 0, 1, 3, 83
"c:\Users\wangx\go\src\github.com\pantskun\golearn\CrawlerDemo\download\idc.ssetech.com.cn\SJ\assets\plugins\bootstrap\css\bootstrap.min.css", "CSS", 0, 0, 0, 1, 0, 0, 6, 0, 7
"c:\Users\wangx\go\src\github.com\pantskun\golearn\CrawlerDemo\download\idc.ssetech.com.cn\SJ\assets\plugins\jquery\jquery.min.js", "JavaScript", 0, 0, 3, 0, 0, 0, 1, 1, 5
"c:\Users\wangx\go\src\github.com\pantskun\golearn\CrawlerDemo\download\idc.ssetech.com.cn\SJ\css\icons\font-awesome\css\font-awesome.css", "CSS", 0, 0, 0, 2327, 0, 0, 10, 1, 2338
"c:\Users\wangx\go\src\github.com\pantskun\golearn\CrawlerDemo\download\idc.ssetech.com.cn\SJ\css\login-style.css", "CSS", 0, 0, 0, 8665, 0, 0, 342, 26, 9033
"c:\Users\wangx\go\src\github.com\pantskun\golearn\CrawlerDemo\download\idc.ssetech.com.cn\SJ\js\sselogin.js", "JavaScript", 0, 0, 96, 0, 0, 0, 4, 31, 131
"c:\Users\wangx\go\src\github.com\pantskun\golearn\CrawlerDemo\download\idc.ssetech.com.cn\companyallinfo.html", "HTML", 65, 0, 0, 0, 0, 0, 6, 9, 80
"c:\Users\wangx\go\src\github.com\pantskun\golearn\CrawlerDemo\download\idc.ssetech.com.cn\index.html", "HTML", 285, 0, 0, 0, 0, 0, 15, 71, 371
"c:\Users\wangx\go\src\github.com\pantskun\golearn\CrawlerDemo\download\idc.ssetech.com.cn\login.js", "JavaScript", 0, 0, 153, 0, 0, 0, 7, 25, 185
"c:\Users\wangx\go\src\github.com\pantskun\golearn\CrawlerDemo\download\idc.ssetech.com.cn\login.jsp", "HTML", 285, 0, 0, 0, 0, 0, 15, 71, 371
"c:\Users\wangx\go\src\github.com\pantskun\golearn\CrawlerDemo\download\idc.ssetech.com.cn\page-SJZX-NQL.html", "HTML", 103, 0, 0, 0, 0, 0, 6, 11, 120
"c:\Users\wangx\go\src\github.com\pantskun\golearn\CrawlerDemo\download\idc.ssetech.com.cn\page-SJZX-ZQJSDS.html", "HTML", 75, 0, 0, 0, 0, 0, 6, 10, 91
"c:\Users\wangx\go\src\github.com\pantskun\golearn\CrawlerDemo\download\idc.ssetech.com.cn\page-SJZX-hxb.html", "HTML", 100, 0, 0, 0, 0, 0, 7, 10, 117
"c:\Users\wangx\go\src\github.com\pantskun\golearn\CrawlerDemo\download\idc.ssetech.com.cn\page-cpjs-BGZL.html", "HTML", 119, 0, 0, 0, 0, 0, 9, 8, 136
"c:\Users\wangx\go\src\github.com\pantskun\golearn\CrawlerDemo\download\idc.ssetech.com.cn\page-cpjs-HXJGJR.html", "HTML", 85, 0, 0, 0, 0, 0, 11, 11, 107
"c:\Users\wangx\go\src\github.com\pantskun\golearn\CrawlerDemo\download\idc.ssetech.com.cn\page-cpjs-JCDYW.html", "HTML", 78, 0, 0, 0, 0, 0, 8, 8, 94
"c:\Users\wangx\go\src\github.com\pantskun\golearn\CrawlerDemo\download\idc.ssetech.com.cn\page-cpjs-JFJGTG.html", "HTML", 246, 0, 0, 0, 0, 0, 10, 7, 263
"c:\Users\wangx\go\src\github.com\pantskun\golearn\CrawlerDemo\download\idc.ssetech.com.cn\page-cpjs-PTGZ.html", "HTML", 114, 0, 0, 0, 0, 0, 7, 8, 129
"c:\Users\wangx\go\src\github.com\pantskun\golearn\CrawlerDemo\download\idc.ssetech.com.cn\page-cpjs-SSFW.html", "HTML", 106, 0, 0, 0, 0, 0, 12, 11, 129
"c:\Users\wangx\go\src\github.com\pantskun\golearn\CrawlerDemo\download\idc.ssetech.com.cn\page-cpjs-WLJR.html", "HTML", 107, 0, 0, 0, 0, 0, 6, 11, 124
"c:\Users\wangx\go\src\github.com\pantskun\golearn\CrawlerDemo\download\idc.ssetech.com.cn\page-cpjs-contactus.html", "HTML", 155, 0, 0, 0, 0, 0, 9, 17, 181
"c:\Users\wangx\go\src\github.com\pantskun\golearn\CrawlerDemo\download\m.uap.sse.com.cn\app\ezt\public\download.html", "HTML", 338, 0, 0, 0, 0, 0, 1, 17, 356
"c:\Users\wangx\go\src\github.com\pantskun\golearn\CrawlerDemo\download\sjsjs.zhaopin.com\index.html", "HTML", 59, 0, 0, 0, 0, 0, 11, 2, 72
"c:\Users\wangx\go\src\github.com\pantskun\golearn\CrawlerDemo\download\vip.liepin.com\8684881\main.html", "HTML", 168, 0, 0, 0, 0, 0, 16, 0, 184
"c:\Users\wangx\go\src\github.com\pantskun\golearn\CrawlerDemo\download\www.chinaclear.cn\index.html", "HTML", 868, 0, 0, 0, 0, 0, 30, 274, 1172
"c:\Users\wangx\go\src\github.com\pantskun\golearn\CrawlerDemo\download\www.csrc.gov.cn\index.html", "HTML", 58, 0, 0, 0, 0, 0, 0, 1, 59
"c:\Users\wangx\go\src\github.com\pantskun\golearn\CrawlerDemo\download\www.sac.net.cn\index.html", "HTML", 2031, 0, 0, 0, 0, 0, 412, 163, 2606
"c:\Users\wangx\go\src\github.com\pantskun\golearn\CrawlerDemo\download\www.sse.com.cn\index.html", "HTML", 1046, 0, 0, 0, 0, 0, 42, 128, 1216
"c:\Users\wangx\go\src\github.com\pantskun\golearn\CrawlerDemo\download\www.ssetech.com.cn\index.html", "HTML", 1497, 0, 0, 0, 0, 0, 164, 21, 1682
"c:\Users\wangx\go\src\github.com\pantskun\golearn\CrawlerDemo\download\www.ssetech.com.cn\statics\DCExchangeDetails\index.html", "HTML", 918, 0, 0, 0, 0, 0, 13, 9, 940
"c:\Users\wangx\go\src\github.com\pantskun\golearn\CrawlerDemo\download\www.ssetech.com.cn\statics\LANCircuitDetails\index.html", "HTML", 854, 0, 0, 0, 0, 0, 12, 13, 879
"c:\Users\wangx\go\src\github.com\pantskun\golearn\CrawlerDemo\download\www.ssetech.com.cn\statics\WANSharingDetails\index.html", "HTML", 944, 0, 0, 0, 0, 0, 13, 9, 966
"c:\Users\wangx\go\src\github.com\pantskun\golearn\CrawlerDemo\download\www.ssetech.com.cn\statics\ZTCloud\index.html", "HTML", 953, 0, 0, 0, 0, 0, 13, 8, 974
"c:\Users\wangx\go\src\github.com\pantskun\golearn\CrawlerDemo\download\www.ssetech.com.cn\statics\assets\css\app.css", "CSS", 0, 0, 0, 2449, 0, 0, 62, 17, 2528
"c:\Users\wangx\go\src\github.com\pantskun\golearn\CrawlerDemo\download\www.ssetech.com.cn\statics\assets\css\style.css", "CSS", 0, 0, 0, 1782, 0, 0, 57, 31, 1870
"c:\Users\wangx\go\src\github.com\pantskun\golearn\CrawlerDemo\download\www.ssetech.com.cn\statics\assets\css\swipeslider.css", "CSS", 0, 0, 0, 130, 0, 0, 0, 4, 134
"c:\Users\wangx\go\src\github.com\pantskun\golearn\CrawlerDemo\download\www.ssetech.com.cn\statics\assets\css\web.css", "CSS", 0, 0, 0, 750, 0, 0, 25, 4, 779
"c:\Users\wangx\go\src\github.com\pantskun\golearn\CrawlerDemo\download\www.ssetech.com.cn\statics\assets\js\base.js", "JavaScript", 0, 0, 60, 0, 0, 0, 8, 4, 72
"c:\Users\wangx\go\src\github.com\pantskun\golearn\CrawlerDemo\download\www.ssetech.com.cn\statics\assets\js\hqHome.js", "JavaScript", 0, 0, 584, 0, 0, 0, 3, 2, 589
"c:\Users\wangx\go\src\github.com\pantskun\golearn\CrawlerDemo\download\www.ssetech.com.cn\statics\assets\js\hq_home_highstock.js", "JavaScript", 0, 0, 407, 0, 0, 0, 0, 1, 408
"c:\Users\wangx\go\src\github.com\pantskun\golearn\CrawlerDemo\download\www.ssetech.com.cn\statics\assets\js\index-swiper.js", "JavaScript", 0, 0, 14, 0, 0, 0, 0, 1, 15
"c:\Users\wangx\go\src\github.com\pantskun\golearn\CrawlerDemo\download\www.ssetech.com.cn\statics\assets\js\jquery.cookie.js", "JavaScript", 0, 0, 72, 0, 0, 0, 15, 24, 111
"c:\Users\wangx\go\src\github.com\pantskun\golearn\CrawlerDemo\download\www.ssetech.com.cn\statics\assets\js\jquery.min.js", "JavaScript", 0, 0, 3, 0, 0, 0, 0, 0, 3
"c:\Users\wangx\go\src\github.com\pantskun\golearn\CrawlerDemo\download\www.ssetech.com.cn\statics\assets\js\jquery.placeholder.min.js", "JavaScript", 0, 0, 1, 0, 0, 0, 4, 0, 5
"c:\Users\wangx\go\src\github.com\pantskun\golearn\CrawlerDemo\download\www.ssetech.com.cn\statics\assets\js\main.js", "JavaScript", 0, 0, 104, 0, 0, 0, 8, 0, 112
"c:\Users\wangx\go\src\github.com\pantskun\golearn\CrawlerDemo\download\www.ssetech.com.cn\statics\assets\js\spark-md5.min.js", "JavaScript", 0, 0, 1, 0, 0, 0, 0, 1, 2
"c:\Users\wangx\go\src\github.com\pantskun\golearn\CrawlerDemo\download\www.ssetech.com.cn\statics\assets\js\swipeslider.js", "JavaScript", 0, 0, 240, 0, 0, 0, 154, 58, 452
"c:\Users\wangx\go\src\github.com\pantskun\golearn\CrawlerDemo\download\www.ssetech.com.cn\statics\assets\mobile\js\jquery-weui.min.js", "JavaScript", 0, 0, 4, 0, 0, 0, 9, 0, 13
"c:\Users\wangx\go\src\github.com\pantskun\golearn\CrawlerDemo\download\www.ssetech.com.cn\statics\assets\mobile\lib\fastclick.js", "JavaScript", 0, 0, 400, 0, 0, 0, 277, 165, 842
"c:\Users\wangx\go\src\github.com\pantskun\golearn\CrawlerDemo\download\www.ssetech.com.cn\statics\assets\owl-carousel\owl.carousel.css", "CSS", 0, 0, 0, 58, 0, 0, 8, 6, 72
"c:\Users\wangx\go\src\github.com\pantskun\golearn\CrawlerDemo\download\www.ssetech.com.cn\statics\assets\owl-carousel\owl.carousel.js", "JavaScript", 0, 0, 1288, 0, 0, 0, 8, 206, 1502
"c:\Users\wangx\go\src\github.com\pantskun\golearn\CrawlerDemo\download\www.ssetech.com.cn\statics\assets\owl-carousel\owl.theme.css", "CSS", 0, 0, 0, 60, 0, 0, 10, 9, 79
"c:\Users\wangx\go\src\github.com\pantskun\golearn\CrawlerDemo\download\www.ssetech.com.cn\statics\bgpServiceIntro\index.html", "HTML", 956, 0, 0, 0, 0, 0, 13, 8, 977
"c:\Users\wangx\go\src\github.com\pantskun\golearn\CrawlerDemo\download\www.ssetech.com.cn\statics\brandIntd\index.html", "HTML", 757, 0, 0, 0, 0, 0, 12, 14, 783
"c:\Users\wangx\go\src\github.com\pantskun\golearn\CrawlerDemo\download\www.ssetech.com.cn\statics\broadBandDetails\index.html", "HTML", 846, 0, 0, 0, 0, 0, 12, 12, 870
"c:\Users\wangx\go\src\github.com\pantskun\golearn\CrawlerDemo\download\www.ssetech.com.cn\statics\broadbandIntd\index.html", "HTML", 971, 0, 0, 0, 0, 0, 13, 9, 993
"c:\Users\wangx\go\src\github.com\pantskun\golearn\CrawlerDemo\download\www.ssetech.com.cn\statics\cloudTechDetails\index.html", "HTML", 831, 0, 0, 0, 0, 0, 22, 13, 866
"c:\Users\wangx\go\src\github.com\pantskun\golearn\CrawlerDemo\download\www.ssetech.com.cn\statics\companyIntd\index.html", "HTML", 1188, 0, 0, 0, 0, 0, 12, 9, 1209
"c:\Users\wangx\go\src\github.com\pantskun\golearn\CrawlerDemo\download\www.ssetech.com.cn\statics\comtSupportDetails\index.html", "HTML", 828, 0, 0, 0, 0, 0, 25, 14, 867
"c:\Users\wangx\go\src\github.com\pantskun\golearn\CrawlerDemo\download\www.ssetech.com.cn\statics\contactUs\index.html", "HTML", 798, 0, 0, 0, 0, 0, 12, 9, 819
"c:\Users\wangx\go\src\github.com\pantskun\golearn\CrawlerDemo\download\www.ssetech.com.cn\statics\crossLinkDetails\index.html", "HTML", 952, 0, 0, 0, 0, 0, 13, 9, 974
"c:\Users\wangx\go\src\github.com\pantskun\golearn\CrawlerDemo\download\www.ssetech.com.cn\statics\delegatedDetails\index.html", "HTML", 956, 0, 0, 0, 0, 0, 13, 9, 978
"c:\Users\wangx\go\src\github.com\pantskun\golearn\CrawlerDemo\download\www.ssetech.com.cn\statics\dwdmDetails\index.html", "HTML", 849, 0, 0, 0, 0, 0, 12, 12, 873
"c:\Users\wangx\go\src\github.com\pantskun\golearn\CrawlerDemo\download\www.ssetech.com.cn\statics\foundItSysCloud\index.html", "HTML", 973, 0, 0, 0, 0, 0, 12, 9, 994
"c:\Users\wangx\go\src\github.com\pantskun\golearn\CrawlerDemo\download\www.ssetech.com.cn\statics\honor\index.html", "HTML", 1016, 0, 0, 0, 0, 0, 14, 25, 1055
"c:\Users\wangx\go\src\github.com\pantskun\golearn\CrawlerDemo\download\www.ssetech.com.cn\statics\index.html", "HTML", 1497, 0, 0, 0, 0, 0, 164, 21, 1682
"c:\Users\wangx\go\src\github.com\pantskun\golearn\CrawlerDemo\download\www.ssetech.com.cn\statics\joinUs\index.html", "HTML", 685, 0, 0, 0, 0, 0, 12, 10, 707
"c:\Users\wangx\go\src\github.com\pantskun\golearn\CrawlerDemo\download\www.ssetech.com.cn\statics\jqdcIntro\index.html", "HTML", 1007, 0, 0, 0, 0, 0, 12, 13, 1032
"c:\Users\wangx\go\src\github.com\pantskun\golearn\CrawlerDemo\download\www.ssetech.com.cn\statics\legalNotices\index.html", "HTML", 788, 0, 0, 0, 0, 0, 12, 13, 813
"c:\Users\wangx\go\src\github.com\pantskun\golearn\CrawlerDemo\download\www.ssetech.com.cn\statics\map\index.html", "HTML", 739, 0, 0, 0, 0, 0, 12, 11, 762
"c:\Users\wangx\go\src\github.com\pantskun\golearn\CrawlerDemo\download\www.ssetech.com.cn\statics\marketDetails\index.html", "HTML", 928, 0, 0, 0, 0, 0, 13, 8, 949
"c:\Users\wangx\go\src\github.com\pantskun\golearn\CrawlerDemo\download\www.ssetech.com.cn\statics\newstrends\2019-08-05\543.html", "HTML", 719, 0, 0, 0, 0, 0, 25, 16, 760
"c:\Users\wangx\go\src\github.com\pantskun\golearn\CrawlerDemo\download\www.ssetech.com.cn\statics\newstrends\2019-08-22\540.html", "HTML", 720, 0, 0, 0, 0, 0, 26, 16, 762
"c:\Users\wangx\go\src\github.com\pantskun\golearn\CrawlerDemo\download\www.ssetech.com.cn\statics\newstrends\2019-10-24\587.html", "HTML", 720, 0, 0, 0, 0, 0, 26, 16, 762
"c:\Users\wangx\go\src\github.com\pantskun\golearn\CrawlerDemo\download\www.ssetech.com.cn\statics\newstrends\2020-09-25\745.html", "HTML", 720, 0, 0, 0, 0, 0, 26, 16, 762
"c:\Users\wangx\go\src\github.com\pantskun\golearn\CrawlerDemo\download\www.ssetech.com.cn\statics\newstrends\2020-09-29\746.html", "HTML", 718, 0, 0, 0, 0, 0, 24, 16, 758
"c:\Users\wangx\go\src\github.com\pantskun\golearn\CrawlerDemo\download\www.ssetech.com.cn\statics\newstrends\index.html", "HTML", 880, 0, 0, 0, 0, 0, 12, 20, 912
"c:\Users\wangx\go\src\github.com\pantskun\golearn\CrawlerDemo\download\www.ssetech.com.cn\statics\notice\2019-10-21\586.html", "HTML", 720, 0, 0, 0, 0, 0, 73, 16, 809
"c:\Users\wangx\go\src\github.com\pantskun\golearn\CrawlerDemo\download\www.ssetech.com.cn\statics\notice\2019-12-05\590.html", "HTML", 720, 0, 0, 0, 0, 0, 73, 16, 809
"c:\Users\wangx\go\src\github.com\pantskun\golearn\CrawlerDemo\download\www.ssetech.com.cn\statics\notice\2020-02-04\611.html", "HTML", 727, 0, 0, 0, 0, 0, 74, 16, 817
"c:\Users\wangx\go\src\github.com\pantskun\golearn\CrawlerDemo\download\www.ssetech.com.cn\statics\notice\2020-04-17\641.html", "HTML", 720, 0, 0, 0, 0, 0, 73, 16, 809
"c:\Users\wangx\go\src\github.com\pantskun\golearn\CrawlerDemo\download\www.ssetech.com.cn\statics\notice\2020-05-13\691.html", "HTML", 720, 0, 0, 0, 0, 0, 73, 16, 809
"c:\Users\wangx\go\src\github.com\pantskun\golearn\CrawlerDemo\download\www.ssetech.com.cn\statics\notice\2020-06-23\708.html", "HTML", 731, 0, 0, 0, 0, 0, 75, 16, 822
"c:\Users\wangx\go\src\github.com\pantskun\golearn\CrawlerDemo\download\www.ssetech.com.cn\statics\notice\2020-09-07\717.html", "HTML", 720, 0, 0, 0, 0, 0, 73, 16, 809
"c:\Users\wangx\go\src\github.com\pantskun\golearn\CrawlerDemo\download\www.ssetech.com.cn\statics\notice\2020-09-15\741.html", "HTML", 730, 0, 0, 0, 0, 0, 73, 16, 819
"c:\Users\wangx\go\src\github.com\pantskun\golearn\CrawlerDemo\download\www.ssetech.com.cn\statics\notice\index.html", "HTML", 759, 0, 0, 0, 0, 0, 12, 11, 782
"c:\Users\wangx\go\src\github.com\pantskun\golearn\CrawlerDemo\download\www.ssetech.com.cn\statics\organization\index.html", "HTML", 766, 0, 0, 0, 0, 0, 12, 14, 792
"c:\Users\wangx\go\src\github.com\pantskun\golearn\CrawlerDemo\download\www.ssetech.com.cn\statics\otherDetails\index.html", "HTML", 870, 0, 0, 0, 0, 0, 12, 11, 893
"c:\Users\wangx\go\src\github.com\pantskun\golearn\CrawlerDemo\download\www.ssetech.com.cn\statics\partyBuild\index.html", "HTML", 848, 0, 0, 0, 0, 0, 12, 12, 872
"c:\Users\wangx\go\src\github.com\pantskun\golearn\CrawlerDemo\download\www.ssetech.com.cn\statics\partyField\2019-04-26\255.html", "HTML", 719, 0, 0, 0, 0, 0, 40, 16, 775
"c:\Users\wangx\go\src\github.com\pantskun\golearn\CrawlerDemo\download\www.ssetech.com.cn\statics\partyField\2019-04-26\256.html", "HTML", 719, 0, 0, 0, 0, 0, 40, 16, 775
"c:\Users\wangx\go\src\github.com\pantskun\golearn\CrawlerDemo\download\www.ssetech.com.cn\statics\partyField\2019-06-24\750.html", "HTML", 720, 0, 0, 0, 0, 0, 40, 16, 776
"c:\Users\wangx\go\src\github.com\pantskun\golearn\CrawlerDemo\download\www.ssetech.com.cn\statics\product\index.html", "HTML", 844, 0, 0, 0, 0, 0, 15, 12, 871
"c:\Users\wangx\go\src\github.com\pantskun\golearn\CrawlerDemo\download\www.ssetech.com.cn\statics\publicInfo\index.html", "HTML", 850, 0, 0, 0, 0, 0, 12, 9, 871
"c:\Users\wangx\go\src\github.com\pantskun\golearn\CrawlerDemo\download\www.ssetech.com.cn\statics\sdhmstpIntro\index.html", "HTML", 967, 0, 0, 0, 0, 0, 13, 9, 989
"c:\Users\wangx\go\src\github.com\pantskun\golearn\CrawlerDemo\download\www.ssetech.com.cn\statics\smartCallServiceDetails\index.html", "HTML", 998, 0, 0, 0, 0, 0, 15, 9, 1022
"c:\Users\wangx\go\src\github.com\pantskun\golearn\CrawlerDemo\download\www.ssetech.com.cn\statics\supportChannels\index.html", "HTML", 852, 0, 0, 0, 0, 0, 13, 23, 888
"c:\Users\wangx\go\src\github.com\pantskun\golearn\CrawlerDemo\download\www.ssetech.com.cn\statics\supportZone\index.html", "HTML", 949, 0, 0, 0, 0, 0, 13, 21, 983
"c:\Users\wangx\go\src\github.com\pantskun\golearn\CrawlerDemo\download\www.ssetech.com.cn\statics\techPeriodicalDetails\2019-12-09\592.html", "HTML", 726, 0, 0, 0, 0, 0, 63, 17, 806
"c:\Users\wangx\go\src\github.com\pantskun\golearn\CrawlerDemo\download\www.ssetech.com.cn\statics\techPeriodicalDetails\2020-03-05\614.html", "HTML", 726, 0, 0, 0, 0, 0, 63, 17, 806
"c:\Users\wangx\go\src\github.com\pantskun\golearn\CrawlerDemo\download\www.ssetech.com.cn\statics\techPeriodicalDetails\2020-05-12\690.html", "HTML", 726, 0, 0, 0, 0, 0, 63, 17, 806
"c:\Users\wangx\go\src\github.com\pantskun\golearn\CrawlerDemo\download\www.ssetech.com.cn\statics\techPeriodicalDetails\2020-08-27\736.html", "HTML", 726, 0, 0, 0, 0, 0, 63, 17, 806
"c:\Users\wangx\go\src\github.com\pantskun\golearn\CrawlerDemo\download\www.ssetech.com.cn\statics\techPeriodicalDetails\2020-11-10\764.html", "HTML", 725, 0, 0, 0, 0, 0, 61, 17, 803
"c:\Users\wangx\go\src\github.com\pantskun\golearn\CrawlerDemo\download\www.ssetech.com.cn\statics\techPeriodicalDetails\index.html", "HTML", 797, 0, 0, 0, 0, 0, 18, 14, 829
"c:\Users\wangx\go\src\github.com\pantskun\golearn\CrawlerDemo\download\www.ssetech.com.cn\statics\vsepDetails\index.html", "HTML", 893, 0, 0, 0, 0, 0, 12, 11, 916
"c:\Users\wangx\go\src\github.com\pantskun\golearn\CrawlerDemo\download\www.ssetech.com.cn\statics\wgqdcIntro\index.html", "HTML", 1001, 0, 0, 0, 0, 0, 12, 10, 1023
"c:\Users\wangx\go\src\github.com\pantskun\golearn\CrawlerDemo\download\www.ssetech.com.cn\statics\ztyProductDetail\index.html", "HTML", 930, 0, 0, 0, 0, 0, 12, 9, 951
"c:\Users\wangx\go\src\github.com\pantskun\golearn\CrawlerDemo\download\www.szse.cn\index.html", "HTML", 3472, 0, 0, 0, 0, 0, 90, 590, 4152
"c:\Users\wangx\go\src\github.com\pantskun\golearn\CrawlerDemo\etcd\config.go", "Go", 0, 37, 0, 0, 0, 0, 2, 12, 51
"c:\Users\wangx\go\src\github.com\pantskun\golearn\CrawlerDemo\etcd\config_test.go", "Go", 0, 44, 0, 0, 0, 0, 0, 15, 59
"c:\Users\wangx\go\src\github.com\pantskun\golearn\CrawlerDemo\etcd\embed.go", "Go", 0, 27, 0, 0, 0, 0, 0, 9, 36
"c:\Users\wangx\go\src\github.com\pantskun\golearn\CrawlerDemo\etcd\embed_test.go", "Go", 0, 10, 0, 0, 0, 0, 0, 4, 14
"c:\Users\wangx\go\src\github.com\pantskun\golearn\CrawlerDemo\etcd\interactor.go", "Go", 0, 125, 0, 0, 0, 0, 10, 43, 178
"c:\Users\wangx\go\src\github.com\pantskun\golearn\CrawlerDemo\etcd\interactor_test.go", "Go", 0, 100, 0, 0, 0, 0, 0, 24, 124
"c:\Users\wangx\go\src\github.com\pantskun\golearn\CrawlerDemo\go.mod", "XML", 0, 0, 0, 0, 33, 0, 0, 4, 37
"c:\Users\wangx\go\src\github.com\pantskun\golearn\CrawlerDemo\htmlutil\htmlfile.go", "Go", 0, 27, 0, 0, 0, 0, 4, 9, 40
"c:\Users\wangx\go\src\github.com\pantskun\golearn\CrawlerDemo\htmlutil\htmlfile_test.go", "Go", 0, 26, 0, 0, 0, 0, 0, 9, 35
"c:\Users\wangx\go\src\github.com\pantskun\golearn\CrawlerDemo\local\main.go", "Go", 0, 178, 0, 0, 0, 0, 14, 44, 236
"c:\Users\wangx\go\src\github.com\pantskun\golearn\CrawlerDemo\local\main_test.go", "Go", 0, 125, 0, 0, 0, 0, 0, 27, 152
"c:\Users\wangx\go\src\github.com\pantskun\golearn\CrawlerDemo\mock\mock_etcd\interactor_mock.go", "Go", 0, 92, 0, 0, 0, 0, 21, 21, 134
"c:\Users\wangx\go\src\github.com\pantskun\golearn\CrawlerDemo\mock\mock_xcrawler\html_mock.go", "Go", 0, 143, 0, 0, 0, 0, 31, 31, 205
"c:\Users\wangx\go\src\github.com\pantskun\golearn\CrawlerDemo\mock\mock_xcrawler\http_mock.go", "Go", 0, 133, 0, 0, 0, 0, 31, 31, 195
"c:\Users\wangx\go\src\github.com\pantskun\golearn\CrawlerDemo\mock\mock_xcrawler\xcrawler_mock.go", "Go", 0, 77, 0, 0, 0, 0, 17, 17, 111
"c:\Users\wangx\go\src\github.com\pantskun\golearn\CrawlerDemo\remote\main.go", "Go", 0, 145, 0, 0, 0, 0, 1, 36, 182
"c:\Users\wangx\go\src\github.com\pantskun\golearn\CrawlerDemo\remote\main_test.go", "Go", 0, 97, 0, 0, 0, 0, 1, 28, 126
"c:\Users\wangx\go\src\github.com\pantskun\golearn\CrawlerDemo\xcrawler\filter.go", "Go", 0, 28, 0, 0, 0, 0, 0, 10, 38
"c:\Users\wangx\go\src\github.com\pantskun\golearn\CrawlerDemo\xcrawler\filter_test.go", "Go", 0, 91, 0, 0, 0, 0, 0, 23, 114
"c:\Users\wangx\go\src\github.com\pantskun\golearn\CrawlerDemo\xcrawler\handler.go", "Go", 0, 4, 0, 0, 0, 0, 0, 4, 8
"c:\Users\wangx\go\src\github.com\pantskun\golearn\CrawlerDemo\xcrawler\html.go", "Go", 0, 113, 0, 0, 0, 0, 0, 35, 148
"c:\Users\wangx\go\src\github.com\pantskun\golearn\CrawlerDemo\xcrawler\html_test.go", "Go", 0, 75, 0, 0, 0, 0, 11, 18, 104
"c:\Users\wangx\go\src\github.com\pantskun\golearn\CrawlerDemo\xcrawler\http.go", "Go", 0, 78, 0, 0, 0, 0, 2, 23, 103
"c:\Users\wangx\go\src\github.com\pantskun\golearn\CrawlerDemo\xcrawler\http_test.go", "Go", 0, 59, 0, 0, 0, 0, 0, 18, 77
"c:\Users\wangx\go\src\github.com\pantskun\golearn\CrawlerDemo\xcrawler\xcrawler.go", "Go", 0, 125, 0, 0, 0, 0, 57, 52, 234
"c:\Users\wangx\go\src\github.com\pantskun\golearn\CrawlerDemo\xcrawler\xcrawler_test.go", "Go", 0, 152, 0, 0, 0, 0, 0, 44, 196
"c:\Users\wangx\go\src\github.com\pantskun\golearn\CrawlerDemo\xlogutil\xlogutil.go", "Go", 0, 11, 0, 0, 0, 0, 4, 5, 20
"Total", "-", 61070, 2629, 3452, 16222, 112, 16, 3937, 3654, 91092